DATE,FIXHAI
2019-04-01, 153.3
2019-07-01, 155.5
2019-10-01, 163.6
2020-01-01, 167.7
2020-04-01,
2020-07-01,
2020-10-01,
2021-01-01, 187.8
2021-04-01,
2021-07-01,
2021-10-01,
2022-01-01, 137.3
2022-04-01,
2022-07-01,
2022-10-01,
2023-01-01,109.2
2023-03-01,103.5
2023-04-01,103.0
2023-05-01,99.6
2023-06-01,93.7
2023-07-01,93.9
2023-08-01,92.4
2023-09-01,94.5
2023-10-01,91.4
2023-11-01,94.2
2023-12-01,102.2
2024-01-01,105.7
2024-02-01,103.0

INCOME
DATE,MEHOINUSA646N
1984-01-01,22420
1985-01-01,23620
1986-01-01,24900
1987-01-01,26060
1988-01-01,27230
1989-01-01,28910
1990-01-01,29940
1991-01-01,30130
1992-01-01,30640
1993-01-01,31240
1994-01-01,32260
1995-01-01,34080
1996-01-01,35490
1997-01-01,37010
1998-01-01,38890
1999-01-01,40700
2000-01-01,41990
2001-01-01,42230
2002-01-01,42410
2003-01-01,43320
2004-01-01,44330
2005-01-01,46330
2006-01-01,48200
2007-01-01,50230
2008-01-01,50300
2009-01-01,49780
2010-01-01,49280
2011-01-01,50050
2012-01-01,51020
2013-01-01,53590
2014-01-01,53660
2015-01-01,56520
2016-01-01,59040
2017-01-01,61140
2018-01-01,63180
2019-01-01,68700
2020-01-01,68010
2021-01-01,70780
2022-01-01,74580


HOUSING PRICE

DATE,MSPUS
1963-01-01,17800
1963-04-01,18000
1963-07-01,17900
1963-10-01,18500
1964-01-01,18500
1964-04-01,18900
1964-07-01,18900
1964-10-01,19400
1965-01-01,20200
1965-04-01,19800
1965-07-01,20200
1965-10-01,20300
1966-01-01,21000
1966-04-01,22100
1966-07-01,21500
1966-10-01,21400
1967-01-01,22300
1967-04-01,23300
1967-07-01,22500
1967-10-01,22900
1968-01-01,23900
1968-04-01,24900
1968-07-01,24800
1968-10-01,25600
1969-01-01,25700
1969-04-01,25900
1969-07-01,25900
1969-10-01,24900
1970-01-01,23900
1970-04-01,24400
1970-07-01,23000
1970-10-01,22600
1971-01-01,24300
1971-04-01,25800
1971-07-01,25300
1971-10-01,25500
1972-01-01,26200
1972-04-01,26800
1972-07-01,27900
1972-10-01,29200
1973-01-01,30200
1973-04-01,32700
1973-07-01,33500
1973-10-01,34000
1974-01-01,35200
1974-04-01,35600
1974-07-01,36200
1974-10-01,37200
1975-01-01,38100
1975-04-01,39000
1975-07-01,38800
1975-10-01,41200
1976-01-01,42800
1976-04-01,44200
1976-07-01,44400
1976-10-01,45500
1977-01-01,46300
1977-04-01,48900
1977-07-01,48800
1977-10-01,51600
1978-01-01,53000
1978-04-01,55300
1978-07-01,56100
1978-10-01,59000
1979-01-01,60600
1979-04-01,63100
1979-07-01,64700
1979-10-01,62600
1980-01-01,63700
1980-04-01,64000
1980-07-01,64900
1980-10-01,66400
1981-01-01,66800
1981-04-01,69400
1981-07-01,69200
1981-10-01,70400
1982-01-01,66400
1982-04-01,69600
1982-07-01,69300
1982-10-01,71600
1983-01-01,73300
1983-04-01,74900
1983-07-01,77400
1983-10-01,75900
1984-01-01,78200
1984-04-01,80700
1984-07-01,81000
1984-10-01,79900
1985-01-01,82800
1985-04-01,84300
1985-07-01,83200
1985-10-01,86800
1986-01-01,88000
1986-04-01,92100
1986-07-01,93000
1986-10-01,95000
1987-01-01,97900
1987-04-01,103400
1987-07-01,106000
1987-10-01,111500
1988-01-01,110000
1988-04-01,110000
1988-07-01,115000
1988-10-01,113900
1989-01-01,118000
1989-04-01,118900
1989-07-01,120000
1989-10-01,124800
1990-01-01,123900
1990-04-01,126800
1990-07-01,117000
1990-10-01,121500
1991-01-01,120000
1991-04-01,119900
1991-07-01,120000
1991-10-01,120000
1992-01-01,119500
1992-04-01,120000
1992-07-01,120000
1992-10-01,126000
1993-01-01,125000
1993-04-01,127000
1993-07-01,127000
1993-10-01,127000
1994-01-01,130000
1994-04-01,130000
1994-07-01,129700
1994-10-01,132000
1995-01-01,130000
1995-04-01,133900
1995-07-01,132000
1995-10-01,138000
1996-01-01,137000
1996-04-01,139900
1996-07-01,140000
1996-10-01,144100
1997-01-01,145000
1997-04-01,145800
1997-07-01,145000
1997-10-01,144200
1998-01-01,152200
1998-04-01,149500
1998-07-01,153000
1998-10-01,153000
1999-01-01,157400
1999-04-01,158700
1999-07-01,159100
1999-10-01,165300
2000-01-01,165300
2000-04-01,163200
2000-07-01,168800
2000-10-01,172900
2001-01-01,169800
2001-04-01,179000
2001-07-01,172500
2001-10-01,171100
2002-01-01,188700
2002-04-01,187200
2002-07-01,178100
2002-10-01,190100
2003-01-01,186000
2003-04-01,191800
2003-07-01,191900
2003-10-01,198800
2004-01-01,212700
2004-04-01,217600
2004-07-01,213500
2004-10-01,228800
2005-01-01,232500
2005-04-01,233700
2005-07-01,236400
2005-10-01,243600
2006-01-01,247700
2006-04-01,246300
2006-07-01,235600
2006-10-01,245400
2007-01-01,257400
2007-04-01,242200
2007-07-01,241800
2007-10-01,238400
2008-01-01,233900
2008-04-01,235300
2008-07-01,226500
2008-10-01,222500
2009-01-01,208400
2009-04-01,220900
2009-07-01,214300
2009-10-01,219000
2010-01-01,222900
2010-04-01,219500
2010-07-01,224100
2010-10-01,224300
2011-01-01,226900
2011-04-01,228100
2011-07-01,223500
2011-10-01,221100
2012-01-01,238400
2012-04-01,238700
2012-07-01,248800
2012-10-01,251700
2013-01-01,258400
2013-04-01,268100
2013-07-01,264800
2013-10-01,273600
2014-01-01,275200
2014-04-01,288000
2014-07-01,281000
2014-10-01,298900
2015-01-01,289200
2015-04-01,289100
2015-07-01,295800
2015-10-01,302500
2016-01-01,299800
2016-04-01,306000
2016-07-01,303800
2016-10-01,310900
2017-01-01,313100
2017-04-01,318200
2017-07-01,320500.0
2017-10-01,337900.0
2018-01-01,331800.0
2018-04-01,315600.0
2018-07-01,330900.0
2018-10-01,322800.0
2019-01-01,313000.0
2019-04-01,322500.0
2019-07-01,318400.0
2019-10-01,327100.0
2020-01-01,329000.0
2020-04-01,322600.0
2020-07-01,337500.0
2020-10-01,358700.0
2021-01-01,369800.0
2021-04-01,382600.0
2021-07-01,411200.0
2021-10-01,423600.0
2022-01-01,433100.0
2022-04-01,449300.0
2022-07-01,468000.0
2022-10-01,479500.0
2023-01-01,429000.0
2023-04-01,418500.0
2023-07-01,435400.0
2023-10-01,417700.0


INTEREST
DATE,IRLTLT01USM156N
1953-04-01,2.83
1953-05-01,3.05
1953-06-01,3.11
1953-07-01,2.93
1953-08-01,2.95
1953-09-01,2.87
1953-10-01,2.66
1953-11-01,2.68
1953-12-01,2.59
1954-01-01,2.48
1954-02-01,2.47
1954-03-01,2.37
1954-04-01,2.29
1954-05-01,2.37
1954-06-01,2.38
1954-07-01,2.3
1954-08-01,2.36
1954-09-01,2.38
1954-10-01,2.43
1954-11-01,2.48
1954-12-01,2.51
1955-01-01,2.61
1955-02-01,2.65
1955-03-01,2.68
1955-04-01,2.75
1955-05-01,2.76
1955-06-01,2.78
1955-07-01,2.9
1955-08-01,2.97
1955-09-01,2.97
1955-10-01,2.88
1955-11-01,2.89
1955-12-01,2.96
1956-01-01,2.9
1956-02-01,2.84
1956-03-01,2.96
1956-04-01,3.18
1956-05-01,3.07
1956-06-01,3.0
1956-07-01,3.11
1956-08-01,3.33
1956-09-01,3.38
1956-10-01,3.34
1956-11-01,3.49
1956-12-01,3.59
1957-01-01,3.46
1957-02-01,3.34
1957-03-01,3.41
1957-04-01,3.48
1957-05-01,3.6
1957-06-01,3.8
1957-07-01,3.93
1957-08-01,3.93
1957-09-01,3.92
1957-10-01,3.97
1957-11-01,3.72
1957-12-01,3.21
1958-01-01,3.09
1958-02-01,3.05
1958-03-01,2.98
1958-04-01,2.88
1958-05-01,2.92
1958-06-01,2.97
1958-07-01,3.2
1958-08-01,3.54
1958-09-01,3.76
1958-10-01,3.8
1958-11-01,3.74
1958-12-01,3.86
1959-01-01,4.02
1959-02-01,3.96
1959-03-01,3.99
1959-04-01,4.12
1959-05-01,4.31
1959-06-01,4.34
1959-07-01,4.4
1959-08-01,4.43
1959-09-01,4.68
1959-10-01,4.53
1959-11-01,4.53
1959-12-01,4.69
1960-01-01,4.72
1960-02-01,4.49
1960-03-01,4.25
1960-04-01,4.28
1960-05-01,4.35
1960-06-01,4.15
1960-07-01,3.9
1960-08-01,3.8
1960-09-01,3.8
1960-10-01,3.89
1960-11-01,3.93
1960-12-01,3.84
1961-01-01,3.84
1961-02-01,3.78
1961-03-01,3.74
1961-04-01,3.78
1961-05-01,3.71
1961-06-01,3.88
1961-07-01,3.92
1961-08-01,4.04
1961-09-01,3.98
1961-10-01,3.92
1961-11-01,3.94
1961-12-01,4.06
1962-01-01,4.08
1962-02-01,4.04
1962-03-01,3.93
1962-04-01,3.84
1962-05-01,3.87
1962-06-01,3.91
1962-07-01,4.01
1962-08-01,3.98
1962-09-01,3.98
1962-10-01,3.93
1962-11-01,3.92
1962-12-01,3.86
1963-01-01,3.83
1963-02-01,3.92
1963-03-01,3.93
1963-04-01,3.97
1963-05-01,3.93
1963-06-01,3.99
1963-07-01,4.02
1963-08-01,4
1963-09-01,4.08
1963-10-01,4.11
1963-11-01,4.12
1963-12-01,4.13
1964-01-01,4.17
1964-02-01,4.15
1964-03-01,4.22
1964-04-01,4.23
1964-05-01,4.2
1964-06-01,4.17
1964-07-01,4.19
1964-08-01,4.19
1964-09-01,4.2
1964-10-01,4.19
1964-11-01,4.15
1964-12-01,4.18
1965-01-01,4.19
1965-02-01,4.21
1965-03-01,4.21
1965-04-01,4.2
1965-05-01,4.21
1965-06-01,4.21
1965-07-01,4.2
1965-08-01,4.25
1965-09-01,4.29
1965-10-01,4.35
1965-11-01,4.45
1965-12-01,4.62
1966-01-01,4.61
1966-02-01,4.83
1966-03-01,4.87
1966-04-01,4.75
1966-05-01,4.78
1966-06-01,4.81
1966-07-01,5.02
1966-08-01,5.22
1966-09-01,5.18
1966-10-01,5.01
1966-11-01,5.16
1966-12-01,4.84
1967-01-01,4.58
1967-02-01,4.63
1967-03-01,4.54
1967-04-01,4.59
1967-05-01,4.85
1967-06-01,5.02
1967-07-01,5.16
1967-08-01,5.28
1967-09-01,5.3
1967-10-01,5.48
1967-11-01,5.75
1967-12-01,5.7
1968-01-01,5.53
1968-02-01,5.56
1968-03-01,5.74
1968-04-01,5.64
1968-05-01,5.87
1968-06-01,5.72
1968-07-01,5.5
1968-08-01,5.42
1968-09-01,5.46
1968-10-01,5.58
1968-11-01,5.7
1968-12-01,6.03
1969-01-01,6.04
1969-02-01,6.19
1969-03-01,6.3
1969-04-01,6.17
1969-05-01,6.32
1969-06-01,6.57
1969-07-01,6.72
1969-08-01,6.69
1969-09-01,7.16
1969-10-01,7.1
1969-11-01,7.14
1969-12-01,7.65
1970-01-01,7.79
1970-02-01,7.24
1970-03-01,7.07
1970-04-01,7.39
1970-05-01,7.91
1970-06-01,7.84
1970-07-01,7.46
1970-08-01,7.53
1970-09-01,7.39
1970-10-01,7.33
1970-11-01,6.84
1970-12-01,6.39
1971-01-01,6.24
1971-02-01,6.11
1971-03-01,5.7
1971-04-01,5.83
1971-05-01,6.39
1971-06-01,6.52
1971-07-01,6.73
1971-08-01,6.58
1971-09-01,6.14
1971-10-01,5.93
1971-11-01,5.81
1971-12-01,5.93
1972-01-01,5.95
1972-02-01,6.08
1972-03-01,6.07
1972-04-01,6.19
1972-05-01,6.13
1972-06-01,6.11
1972-07-01,6.11
1972-08-01,6.21
1972-09-01,6.55
1972-10-01,6.48
1972-11-01,6.28
1972-12-01,6.36
1973-01-01,6.46
1973-02-01,6.64
1973-03-01,6.71
1973-04-01,6.67
1973-05-01,6.85
1973-06-01,6.9
1973-07-01,7.13
1973-08-01,7.4
1973-09-01,7.09
1973-10-01,6.79
1973-11-01,6.73
1973-12-01,6.74
1974-01-01,6.99
1974-02-01,6.96
1974-03-01,7.21
1974-04-01,7.51
1974-05-01,7.58
1974-06-01,7.54
1974-07-01,7.81
1974-08-01,8.04
1974-09-01,8.04
1974-10-01,7.9
1974-11-01,7.68
1974-12-01,7.43
1975-01-01,7.5
1975-02-01,7.39
1975-03-01,7.73
1975-04-01,8.23
1975-05-01,8.06
1975-06-01,7.86
1975-07-01,8.06
1975-08-01,8.4
1975-09-01,8.43
1975-10-01,8.14
1975-11-01,8.05
1975-12-01,8
1976-01-01,7.74
1976-02-01,7.79
1976-03-01,7.73
1976-04-01,7.56
1976-05-01,7.9
1976-06-01,7.86
1976-07-01,7.83
1976-08-01,7.77
1976-09-01,7.59
1976-10-01,7.41
1976-11-01,7.29
1976-12-01,6.87
1977-01-01,7.21
1977-02-01,7.39
1977-03-01,7.46
1977-04-01,7.37
1977-05-01,7.46
1977-06-01,7.28
1977-07-01,7.33
1977-08-01,7.4
1977-09-01,7.34
1977-10-01,7.52
1977-11-01,7.58
1977-12-01,7.69
1978-01-01,7.96
1978-02-01,8.03
1978-03-01,8.04
1978-04-01,8.15
1978-05-01,8.35
1978-06-01,8.46
1978-07-01,8.64
1978-08-01,8.41
1978-09-01,8.42
1978-10-01,8.64
1978-11-01,8.81
1978-12-01,9.01
1979-01-01,9.1
1979-02-01,9.1
1979-03-01,9.12
1979-04-01,9.18
1979-05-01,9.25
1979-06-01,8.91
1979-07-01,8.95
1979-08-01,9.03
1979-09-01,9.33
1979-10-01,10.3
1979-11-01,10.65
1979-12-01,10.39
1980-01-01,10.8
1980-02-01,12.41
1980-03-01,12.75
1980-04-01,11.47
1980-05-01,10.18
1980-06-01,9.78
1980-07-01,10.25
1980-08-01,11.1
1980-09-01,11.51
1980-10-01,11.75
1980-11-01,12.68
1980-12-01,12.84
1981-01-01,12.57
1981-02-01,13.19
1981-03-01,13.12
1981-04-01,13.68
1981-05-01,14.1
1981-06-01,13.47
1981-07-01,14.28
1981-08-01,14.94
1981-09-01,15.32
1981-10-01,15.15
1981-11-01,13.39
1981-12-01,13.72
1982-01-01,14.59
1982-02-01,14.43
1982-03-01,13.86
1982-04-01,13.87
1982-05-01,13.62
1982-06-01,14.3
1982-07-01,13.95
1982-08-01,13.06
1982-09-01,12.34
1982-10-01,10.91
1982-11-01,10.55
1982-12-01,10.54
1983-01-01,10.46
1983-02-01,10.72
1983-03-01,10.51
1983-04-01,10.4
1983-05-01,10.38
1983-06-01,10.85
1983-07-01,11.38
1983-08-01,11.85
1983-09-01,11.65
1983-10-01,11.54
1983-11-01,11.69
1983-12-01,11.83
1984-01-01,11.67
1984-02-01,11.84
1984-03-01,12.32
1984-04-01,12.63
1984-05-01,13.41
1984-06-01,13.56
1984-07-01,13.36
1984-08-01,12.72
1984-09-01,12.52
1984-10-01,12.16
1984-11-01,11.57
1984-12-01,11.5
1985-01-01,11.38
1985-02-01,11.51
1985-03-01,11.86
1985-04-01,11.43
1985-05-01,10.85
1985-06-01,10.16
1985-07-01,10.31
1985-08-01,10.33
1985-09-01,10.37
1985-10-01,10.24
1985-11-01,9.78
1985-12-01,9.26
1986-01-01,9.19
1986-02-01,8.7
1986-03-01,7.78
1986-04-01,7.3
1986-05-01,7.71
1986-06-01,7.8
1986-07-01,7.3
1986-08-01,7.17
1986-09-01,7.45
1986-10-01,7.43
1986-11-01,7.25
1986-12-01,7.11
1987-01-01,7.08
1987-02-01,7.25
1987-03-01,7.25
1987-04-01,8.02
1987-05-01,8.61
1987-06-01,8.4
1987-07-01,8.45
1987-08-01,8.76
1987-09-01,9.42
1987-10-01,9.52
1987-11-01,8.86
1987-12-01,8.99
1988-01-01,8.67
1988-02-01,8.21
1988-03-01,8.37
1988-04-01,8.72
1988-05-01,9.09
1988-06-01,8.92
1988-07-01,9.06
1988-08-01,9.26
1988-09-01,8.98
1988-10-01,8.8
1988-11-01,8.96
1988-12-01,9.11
1989-01-01,9.09
1989-02-01,9.17
1989-03-01,9.36
1989-04-01,9.18
1989-05-01,8.86
1989-06-01,8.28
1989-07-01,8.02
1989-08-01,8.11
1989-09-01,8.19
1989-10-01,8.01
1989-11-01,7.87
1989-12-01,7.84
1990-01-01,8.21
1990-02-01,8.47
1990-03-01,8.59
1990-04-01,8.79
1990-05-01,8.76
1990-06-01,8.48
1990-07-01,8.47
1990-08-01,8.75
1990-09-01,8.89
1990-10-01,8.72
1990-11-01,8.39
1990-12-01,8.08
1991-01-01,8.09
1991-02-01,7.85
1991-03-01,8.11
1991-04-01,8.04
1991-05-01,8.07
1991-06-01,8.28
1991-07-01,8.27
1991-08-01,7.9
1991-09-01,7.65
1991-10-01,7.53
1991-11-01,7.42
1991-12-01,7.09
1992-01-01,7.03
1992-02-01,7.34
1992-03-01,7.54
1992-04-01,7.48
1992-05-01,7.39
1992-06-01,7.26
1992-07-01,6.84
1992-08-01,6.59
1992-09-01,6.42
1992-10-01,6.59
1992-11-01,6.87
1992-12-01,6.77
1993-01-01,6.6
1993-02-01,6.26
1993-03-01,5.98
1993-04-01,5.97
1993-05-01,6.04
1993-06-01,5.96
1993-07-01,5.81
1993-08-01,5.68
1993-09-01,5.36
1993-10-01,5.33
1993-11-01,5.72
1993-12-01,5.77
1994-01-01,5.75
1994-02-01,5.97
1994-03-01,6.48
1994-04-01,6.97
1994-05-01,7.18
1994-06-01,7.1
1994-07-01,7.3
1994-08-01,7.24
1994-09-01,7.46
1994-10-01,7.74
1994-11-01,7.96
1994-12-01,7.81
1995-01-01,7.78
1995-02-01,7.47
1995-03-01,7.2
1995-04-01,7.06
1995-05-01,6.63
1995-06-01,6.17
1995-07-01,6.28
1995-08-01,6.49
1995-09-01,6.2
1995-10-01,6.04
1995-11-01,5.93
1995-12-01,5.71
1996-01-01,5.65
1996-02-01,5.81
1996-03-01,6.27
1996-04-01,6.51
1996-05-01,6.74
1996-06-01,6.91
1996-07-01,6.87
1996-08-01,6.64
1996-09-01,6.83
1996-10-01,6.53
1996-11-01,6.2
1996-12-01,6.3
1997-01-01,6.58
1997-02-01,6.42
1997-03-01,6.69
1997-04-01,6.89
1997-05-01,6.71
1997-06-01,6.49
1997-07-01,6.22
1997-08-01,6.3
1997-09-01,6.21
1997-10-01,6.03
1997-11-01,5.88
1997-12-01,5.81
1998-01-01,5.54
1998-02-01,5.57
1998-03-01,5.65
1998-04-01,5.64
1998-05-01,5.65
1998-06-01,5.5
1998-07-01,5.46
1998-08-01,5.34
1998-09-01,4.81
1998-10-01,4.53
1998-11-01,4.83
1998-12-01,4.65
1999-01-01,4.72
1999-02-01,5
1999-03-01,5.23
1999-04-01,5.18
1999-05-01,5.54
1999-06-01,5.9
1999-07-01,5.79
1999-08-01,5.94
1999-09-01,5.92
1999-10-01,6.11
1999-11-01,6.03
1999-12-01,6.28
2000-01-01,6.66
2000-02-01,6.52
2000-03-01,6.26
2000-04-01,5.99
2000-05-01,6.44
2000-06-01,6.1
2000-07-01,6.05
2000-08-01,5.83
2000-09-01,5.8
2000-10-01,5.74
2000-11-01,5.72
2000-12-01,5.24
2001-01-01,5.16
2001-02-01,5.1
2001-03-01,4.89
2001-04-01,5.14
2001-05-01,5.39
2001-06-01,5.28
2001-07-01,5.24
2001-08-01,4.97
2001-09-01,4.73
2001-10-01,4.57
2001-11-01,4.65
2001-12-01,5.09
2002-01-01,5.04
2002-02-01,4.91
2002-03-01,5.28
2002-04-01,5.21
2002-05-01,5.16
2002-06-01,4.93
2002-07-01,4.65
2002-08-01,4.26
2002-09-01,3.87
2002-10-01,3.94
2002-11-01,4.05
2002-12-01,4.03
2003-01-01,4.05
2003-02-01,3.9
2003-03-01,3.81
2003-04-01,3.96
2003-05-01,3.57
2003-06-01,3.33
2003-07-01,3.98
2003-08-01,4.45
2003-09-01,4.27
2003-10-01,4.29
2003-11-01,4.3
2003-12-01,4.27
2004-01-01,4.15
2004-02-01,4.08
2004-03-01,3.83
2004-04-01,4.35
2004-05-01,4.72
2004-06-01,4.73
2004-07-01,4.5
2004-08-01,4.28
2004-09-01,4.13
2004-10-01,4.1
2004-11-01,4.19
2004-12-01,4.23
2005-01-01,4.22
2005-02-01,4.17
2005-03-01,4.5
2005-04-01,4.34
2005-05-01,4.14
2005-06-01,4
2005-07-01,4.18
2005-08-01,4.26
2005-09-01,4.2
2005-10-01,4.46
2005-11-01,4.54
2005-12-01,4.47
2006-01-01,4.42
2006-02-01,4.57
2006-03-01,4.72
2006-04-01,4.99
2006-05-01,5.11
2006-06-01,5.11
2006-07-01,5.09
2006-08-01,4.88
2006-09-01,4.72
2006-10-01,4.73
2006-11-01,4.6
2006-12-01,4.56
2007-01-01,4.76
2007-02-01,4.72
2007-03-01,4.56
2007-04-01,4.69
2007-05-01,4.75
2007-06-01,5.1
2007-07-01,5
2007-08-01,4.67
2007-09-01,4.52
2007-10-01,4.53
2007-11-01,4.15
2007-12-01,4.1
2008-01-01,3.74
2008-02-01,3.74
2008-03-01,3.51
2008-04-01,3.68
2008-05-01,3.88
2008-06-01,4.1
2008-07-01,4.01
2008-08-01,3.89
2008-09-01,3.69
2008-10-01,3.81
2008-11-01,3.53
2008-12-01,2.42
2009-01-01,2.52
2009-02-01,2.87
2009-03-01,2.82
2009-04-01,2.93
2009-05-01,3.29
2009-06-01,3.72
2009-07-01,3.56
2009-08-01,3.59
2009-09-01,3.4
2009-10-01,3.39
2009-11-01,3.4
2009-12-01,3.59
2010-01-01,3.73
2010-02-01,3.69
2010-03-01,3.73
2010-04-01,3.85
2010-05-01,3.42
2010-06-01,3.2
2010-07-01,3.01
2010-08-01,2.7
2010-09-01,2.65
2010-10-01,2.54
2010-11-01,2.76
2010-12-01,3.29
2011-01-01,3.39
2011-02-01,3.58
2011-03-01,3.41
2011-04-01,3.46
2011-05-01,3.17
2011-06-01,3
2011-07-01,3
2011-08-01,2.3
2011-09-01,1.98
2011-10-01,2.15
2011-11-01,2.01
2011-12-01,1.98
2012-01-01,1.97
2012-02-01,1.97
2012-03-01,2.17
2012-04-01,2.05
2012-05-01,1.8
2012-06-01,1.62
2012-07-01,1.53
2012-08-01,1.68
2012-09-01,1.72
2012-10-01,1.75
2012-11-01,1.65
2012-12-01,1.72
2013-01-01,1.91
2013-02-01,1.98
2013-03-01,1.96
2013-04-01,1.76
2013-05-01,1.93
2013-06-01,2.3
2013-07-01,2.58
2013-08-01,2.74
2013-09-01,2.81
2013-10-01,2.62
2013-11-01,2.72
2013-12-01,2.9
2014-01-01,2.86
2014-02-01,2.71
2014-03-01,2.72
2014-04-01,2.71
2014-05-01,2.56
2014-06-01,2.6
2014-07-01,2.54
2014-08-01,2.42
2014-09-01,2.53
2014-10-01,2.3
2014-11-01,2.33
2014-12-01,2.21
2015-01-01,1.88
2015-02-01,1.98
2015-03-01,2.04
2015-04-01,1.94
2015-05-01,2.2
2015-06-01,2.36
2015-07-01,2.32
2015-08-01,2.17
2015-09-01,2.17
2015-10-01,2.07
2015-11-01,2.26
2015-12-01,2.24
2016-01-01,2.09
2016-02-01,1.78
2016-03-01,1.89
2016-04-01,1.81
2016-05-01,1.81
2016-06-01,1.64
2016-07-01,1.5
2016-08-01,1.56
2016-09-01,1.63
2016-10-01,1.76
2016-11-01,2.14
2016-12-01,2.49
2017-01-01,2.43
2017-02-01,2.42
2017-03-01,2.48
2017-04-01,2.3
2017-05-01,2.3
2017-06-01,2.19
2017-07-01,2.32
2017-08-01,2.21
2017-09-01,2.2
2017-10-01,2.36
2017-11-01,2.35
2017-12-01,2.4
2018-01-01,2.58
2018-02-01,2.86
2018-03-01,2.84
2018-04-01,2.87
2018-05-01,2.98
2018-06-01,2.91
2018-07-01,2.89
2018-08-01,2.89
2018-09-01,3.0
2018-10-01,3.15
2018-11-01,3.12
2018-12-01,2.83
2019-01-01,2.71
2019-02-01,2.68
2019-03-01,2.57
2019-04-01,2.53
2019-05-01,2.4
2019-06-01,2.07
2019-07-01,2.06
2019-08-01,1.63
2019-09-01,1.7
2019-10-01,1.71
2019-11-01,1.81
2019-12-01,1.86
2020-01-01,1.76
2020-02-01,1.5
2020-03-01,0.87
2020-04-01,0.66
2020-05-01,0.67
2020-06-01,0.73
2020-07-01,0.62
2020-08-01,0.65
2020-09-01,0.68
2020-10-01,0.79
2020-11-01,0.87
2020-12-01,0.93
2021-01-01,1.08
2021-02-01,1.26
2021-03-01,1.61
2021-04-01,1.64
2021-05-01,1.62
2021-06-01,1.52
2021-07-01,1.32
2021-08-01,1.28
2021-09-01,1.37
2021-10-01,1.58
2021-11-01,1.56
2021-12-01,1.47
2022-01-01,1.76
2022-02-01,1.93
2022-03-01,2.13
2022-04-01,2.75
2022-05-01,2.9
2022-06-01,3.14
2022-07-01,2.9
2022-08-01,2.9
2022-09-01,3.52
2022-10-01,3.98
2022-11-01,3.89
2022-12-01,3.62
2023-01-01,3.53
2023-02-01,3.75
2023-03-01,3.66
2023-04-01,3.46
2023-05-01,3.57
2023-06-01,3.75
2023-07-01,3.9
2023-08-01,4.17
2023-09-01,4.38
2023-10-01,4.8
2023-11-01,4.5
2023-12-01,4.02
2024-01-01,4.06
2024-02-01,4.21
2024-03-01,4.21

POPULATION IN THOUSANDS
DATE,POPTHM
1959-01-01,175818
1959-02-01,176044
1959-03-01,176274
1959-04-01,176503
1959-05-01,176723
1959-06-01,176954
1959-07-01,177208
1959-08-01,177479
1959-09-01,177755
1959-10-01,178026
1959-11-01,178273
1959-12-01,178504
1960-01-01,178925.0
1960-02-01,179326.0
1960-03-01,179707.0
1960-04-01,180067.0
1960-05-01,180408.0
1960-06-01,180728.0
1960-07-01,181028.0
1960-08-01,181308.0
1960-09-01,181567.0
1960-10-01,181807.0
1960-11-01,182026.0
1960-12-01,182225.0
1961-01-01,182404
1961-02-01,182631
1961-03-01,182867
1961-04-01,183105
1961-05-01,183335
1961-06-01,183572
1961-07-01,183825
1961-08-01,184101
1961-09-01,184384
1961-10-01,184654
1961-11-01,184900
1961-12-01,185129
1962-01-01,185347
1962-02-01,185551
1962-03-01,185762
1962-04-01,185981
1962-05-01,186201
1962-06-01,186426
1962-07-01,186664
1962-08-01,186924
1962-09-01,187191
1962-10-01,187449
1962-11-01,187685
1962-12-01,187905
1963-01-01,188113
1963-02-01,188300
1963-03-01,188484
1963-04-01,188685
1963-05-01,188904
1963-06-01,189130
1963-07-01,189369
1963-08-01,189629
1963-09-01,189895
1963-10-01,190147
1963-11-01,190369
1963-12-01,190570
1964-01-01,190763
1964-02-01,190953
1964-03-01,191146
1964-04-01,191346
1964-05-01,191557
1964-06-01,191778
1964-07-01,192010
1964-08-01,192254
1964-09-01,192504
1964-10-01,192739
1964-11-01,192943
1964-12-01,193131
1965-01-01,193308
1965-02-01,193467
1965-03-01,193625
1965-04-01,193799
1965-05-01,193988
1965-06-01,194195
1965-07-01,194416
1965-08-01,194645
1965-09-01,194879
1965-10-01,195096
1965-11-01,195284
1965-12-01,195456
1966-01-01,195614
1966-02-01,195760
1966-03-01,195915
1966-04-01,196089
1966-05-01,196275
1966-06-01,196466
1966-07-01,196661
1966-08-01,196873
1966-09-01,197096
1966-10-01,197303
1966-11-01,197485
1966-12-01,197654
1967-01-01,197814
1967-02-01,197965
1967-03-01,198122
1967-04-01,198287
1967-05-01,198452
1967-06-01,198627
1967-07-01,198812
1967-08-01,199012
1967-09-01,199212
1967-10-01,199405
1967-11-01,199578
1967-12-01,199733
1968-01-01,199864
1968-02-01,199988
1968-03-01,200132
1968-04-01,200285
1968-05-01,200449
1968-06-01,200621
1968-07-01,200802
1968-08-01,200997
1968-09-01,201193
1968-10-01,201378
1968-11-01,201544
1968-12-01,201691
1969-01-01,201821
1969-02-01,201952
1969-03-01,202092
1969-04-01,202246
1969-05-01,202419
1969-06-01,202592
1969-07-01,202777
1969-08-01,202984
1969-09-01,203196
1969-10-01,203401
1969-11-01,203588
1969-12-01,203762
1970-01-01,203929
1970-02-01,204082
1970-03-01,204246
1970-04-01,204504
1970-05-01,204719
1970-06-01,204941
1970-07-01,205174
1970-08-01,205418
1970-09-01,205664
1970-10-01,205906
1970-11-01,206131
1970-12-01,206352
1971-01-01,206567
1971-02-01,206762
1971-03-01,206960
1971-04-01,207163
1971-05-01,207361
1971-06-01,207562
1971-07-01,207771
1971-08-01,207998
1971-09-01,208230
1971-10-01,208450
1971-11-01,208648
1971-12-01,208829
1972-01-01,208989
1972-02-01,209137
1972-03-01,209299
1972-04-01,209466
1972-05-01,209635
1972-06-01,209811
1972-07-01,209986
1972-08-01,210177
1972-09-01,210379
1972-10-01,210568
1972-11-01,210739
1972-12-01,210903
1973-01-01,211053
1973-02-01,211187
1973-03-01,211337
1973-04-01,211499
1973-05-01,211662
1973-06-01,211828
1973-07-01,212001
1973-08-01,212191
1973-09-01,212382
1973-10-01,212555
1973-11-01,212710
1973-12-01,212859
1974-01-01,213003
1974-02-01,213143
1974-03-01,213286
1974-04-01,213437
1974-05-01,213600
1974-06-01,213770
1974-07-01,213948
1974-08-01,214144
1974-09-01,214349
1974-10-01,214538
1974-11-01,214704
1974-12-01,214857
1975-01-01,214998
1975-02-01,215132
1975-03-01,215276
1975-04-01,215438
1975-05-01,215646
1975-06-01,215871
1975-07-01,216084
1975-08-01,216294
1975-09-01,216490
1975-10-01,216679
1975-11-01,216851
1975-12-01,217013
1976-01-01,217172
1976-02-01,217315
1976-03-01,217455
1976-04-01,217607
1976-05-01,217773
1976-06-01,217948
1976-07-01,218134
1976-08-01,218337
1976-09-01,218542
1976-10-01,218739
1976-11-01,218920
1976-12-01,219093
1977-01-01,219262
1977-02-01,219424
1977-03-01,219594
1977-04-01,219772
1977-05-01,219953
1977-06-01,220143
1977-07-01,220349
1977-08-01,220573
1977-09-01,220796
1977-10-01,221007
1977-11-01,221206
1977-12-01,221390
1978-01-01,221553
1978-02-01,221711
1978-03-01,221892
1978-04-01,222084
1978-05-01,222278
1978-06-01,222482
1978-07-01,222697
1978-08-01,222933
1978-09-01,223168
1978-10-01,223383
1978-11-01,223585
1978-12-01,223781
1979-01-01,223973
1979-02-01,224150
1979-03-01,224333
1979-04-01,224529
1979-05-01,224734
1979-06-01,224948
1979-07-01,225174
1979-08-01,225419
1979-09-01,225662
1979-10-01,225893
1979-11-01,226120
1979-12-01,226339
1980-01-01,226554
1980-02-01,226753
1980-03-01,226955
1980-04-01,227156
1980-05-01,227387
1980-06-01,227624
1980-07-01,227840
1980-08-01,228070
1980-09-01,228302
1980-10-01,228515
1980-11-01,228696
1980-12-01,228858
1981-01-01,229004
1981-02-01,229148
1981-03-01,229314
1981-04-01,229489
1981-05-01,229668
1981-06-01,229864
1981-07-01,230077
1981-08-01,230300
1981-09-01,230527
1981-10-01,230732
1981-11-01,230906
1981-12-01,231073
1982-01-01,231235
1982-02-01,231392
1982-03-01,231558
1982-04-01,231727
1982-05-01,231901
1982-06-01,232090
1982-07-01,232290
1982-08-01,232496
1982-09-01,232708
1982-10-01,232905
1982-11-01,233077
1982-12-01,233241
1983-01-01,233398
1983-02-01,233543
1983-03-01,233697
1983-04-01,233852
1983-05-01,234020
1983-06-01,234213
1983-07-01,234404
1983-08-01,234601
1983-09-01,234804
1983-10-01,234993
1983-11-01,235157
1983-12-01,235310
1984-01-01,235456
1984-02-01,235601
1984-03-01,235757
1984-04-01,235916
1984-05-01,236077
1984-06-01,236254
1984-07-01,236449
1984-08-01,236655
1984-09-01,236868
1984-10-01,237068
1984-11-01,237238
1984-12-01,237392
1985-01-01,237535
1985-02-01,237667
1985-03-01,237816
1985-04-01,237987
1985-05-01,238172
1985-06-01,238368
1985-07-01,238573
1985-08-01,238789
1985-09-01,239006
1985-10-01,239210
1985-11-01,239392
1985-12-01,239558
1986-01-01,239713
1986-02-01,239858
1986-03-01,240011
1986-04-01,240183
1986-05-01,240365
1986-06-01,240555
1986-07-01,240753
1986-08-01,240961
1986-09-01,241171
1986-10-01,241371
1986-11-01,241544
1986-12-01,241702
1987-01-01,241857
1987-02-01,242005
1987-03-01,242166
1987-04-01,242338
1987-05-01,242516
1987-06-01,242706
1987-07-01,242908
1987-08-01,243118
1987-09-01,243335
1987-10-01,243543
1987-11-01,243724
1987-12-01,243895
1988-01-01,244056
1988-02-01,244205
1988-03-01,244362
1988-04-01,244528
1988-05-01,244708
1988-06-01,244914
1988-07-01,245131
1988-08-01,245352
1988-09-01,245579
1988-10-01,245789
1988-11-01,245970
1988-12-01,246140
1989-01-01,246301
1989-02-01,246454
1989-03-01,246626
1989-04-01,246814
1989-05-01,247010
1989-06-01,247228
1989-07-01,247458
1989-08-01,247695
1989-09-01,247942
1989-10-01,248174
1989-11-01,248380
1989-12-01,248569
1990-01-01,248743
1990-02-01,248920
1990-03-01,249146
1990-04-01,249436
1990-05-01,249707
1990-06-01,249990
1990-07-01,250285
1990-08-01,250595
1990-09-01,250904
1990-10-01,251201
1990-11-01,251486
1990-12-01,251758
1991-01-01,252012
1991-02-01,252253
1991-03-01,252507
1991-04-01,252778
1991-05-01,253060
1991-06-01,253350
1991-07-01,253650
1991-08-01,253966
1991-09-01,254280
1991-10-01,254576
1991-11-01,254841
1991-12-01,255089
1992-01-01,255331
1992-02-01,255576
1992-03-01,255848
1992-04-01,256139
1992-05-01,256437
1992-06-01,256742
1992-07-01,257063
1992-08-01,257390
1992-09-01,257704
1992-10-01,258004
1992-11-01,258280
1992-12-01,258546
1993-01-01,258799
1993-02-01,259036
1993-03-01,259283
1993-04-01,259547
1993-05-01,259822
1993-06-01,260109
1993-07-01,260411
1993-08-01,260717
1993-09-01,261015
1993-10-01,261294
1993-11-01,261550
1993-12-01,261796
1994-01-01,262021
1994-02-01,262237
1994-03-01,262491
1994-04-01,262754
1994-05-01,263014
1994-06-01,263294
1994-07-01,263580
1994-08-01,263871
1994-09-01,264159
1994-10-01,264430
1994-11-01,264681
1994-12-01,264924
1995-01-01,265157
1995-02-01,265383
1995-03-01,265625
1995-04-01,265877
1995-05-01,266134
1995-06-01,266414
1995-07-01,266700
1995-08-01,266998
1995-09-01,267304
1995-10-01,267585
1995-11-01,267829
1995-12-01,268047
1996-01-01,268258
1996-02-01,268480
1996-03-01,268724
1996-04-01,268980
1996-05-01,269247
1996-06-01,269527
1996-07-01,269822
1996-08-01,270130
1996-09-01,270433
1996-10-01,270730
1996-11-01,271002
1996-12-01,271243
1997-01-01,271472
1997-02-01,271703
1997-03-01,271952
1997-04-01,272213
1997-05-01,272482
1997-06-01,272767
1997-07-01,273074
1997-08-01,273395
1997-09-01,273703
1997-10-01,273989
1997-11-01,274249
1997-12-01,274499
1998-01-01,274732
1998-02-01,274943
1998-03-01,275175
1998-04-01,275434
1998-05-01,275700
1998-06-01,275976
1998-07-01,276266
1998-08-01,276566
1998-09-01,276859
1998-10-01,277140
1998-11-01,277402
1998-12-01,277658
1999-01-01,277891
1999-02-01,278095
1999-03-01,278324
1999-04-01,278584
1999-05-01,278859
1999-06-01,279148
1999-07-01,279448
1999-08-01,279752
1999-09-01,280053
1999-10-01,280337
1999-11-01,280594
1999-12-01,280846
2000-01-01,281083
2000-02-01,281299
2000-03-01,281531
2000-04-01,281763
2000-05-01,281996
2000-06-01,282247
2000-07-01,282504
2000-08-01,282769
2000-09-01,283033
2000-10-01,283285
2000-11-01,283523
2000-12-01,283748
2001-01-01,283960
2001-02-01,284166
2001-03-01,284380
2001-04-01,284602
2001-05-01,284834
2001-06-01,285076
2001-07-01,285324
2001-08-01,285584
2001-09-01,285842
2001-10-01,286086
2001-11-01,286315
2001-12-01,286533
2002-01-01,286739
2002-02-01,286935
2002-03-01,287131
2002-04-01,287343
2002-05-01,287571
2002-06-01,287808
2002-07-01,288051
2002-08-01,288303
2002-09-01,288554
2002-10-01,288794
2002-11-01,289012
2002-12-01,289214
2003-01-01,289412
2003-02-01,289606
2003-03-01,289809
2003-04-01,290024
2003-05-01,290250
2003-06-01,290484
2003-07-01,290726
2003-08-01,290974
2003-09-01,291222
2003-10-01,291463
2003-11-01,291677
2003-12-01,291868
2004-01-01,292046
2004-02-01,292230
2004-03-01,292434
2004-04-01,292651
2004-05-01,292872
2004-06-01,293103
2004-07-01,293350
2004-08-01,293603
2004-09-01,293857
2004-10-01,294104
2004-11-01,294337
2004-12-01,294561
2005-01-01,294768
2005-02-01,294955
2005-03-01,295149
2005-04-01,295359
2005-05-01,295582
2005-06-01,295824
2005-07-01,296077
2005-08-01,296338
2005-09-01,296606
2005-10-01,296857
2005-11-01,297089
2005-12-01,297311
2006-01-01,297526
2006-02-01,297734
2006-03-01,297950
2006-04-01,298170
2006-05-01,298401
2006-06-01,298653
2006-07-01,298910
2006-08-01,299178
2006-09-01,299452
2006-10-01,299710
2006-11-01,299950
2006-12-01,300178
2007-01-01,300398
2007-02-01,300608
2007-03-01,300823
2007-04-01,301045
2007-05-01,301278
2007-06-01,301528
2007-07-01,301790
2007-08-01,302064
2007-09-01,302334
2007-10-01,302590
2007-11-01,302834
2007-12-01,303062
2008-01-01,303280
2008-02-01,303494
2008-03-01,303707
2008-04-01,303926
2008-05-01,304157
2008-06-01,304396
2008-07-01,304646
2008-08-01,304903
2008-09-01,305158
2008-10-01,305403
2008-11-01,305620
2008-12-01,305827
2009-01-01,306035
2009-02-01,306237
2009-03-01,306438
2009-04-01,306645
2009-05-01,306863
2009-06-01,307090
2009-07-01,307322
2009-08-01,307570
2009-09-01,307826
2009-10-01,308071
2009-11-01,308289
2009-12-01,308495
2010-01-01,308706
2010-02-01,308904
2010-03-01,309095
2010-04-01,309289.0
2010-05-01,309485.0
2010-06-01,309691.0
2010-07-01,309913.0
2010-08-01,310146.0
2010-09-01,310385.0
2010-10-01,310612.0
2010-11-01,310820.0
2010-12-01,311020.0
2011-01-01,311204.0
2011-02-01,311373.0
2011-03-01,311551.0
2011-04-01,311740.0
2011-05-01,311935.0
2011-06-01,312147.0
2011-07-01,312372.0
2011-08-01,312605.0
2011-09-01,312842.0
2011-10-01,313060.0
2011-11-01,313260.0
2011-12-01,313454.0
2012-01-01,313636.0
2012-02-01,313811.0
2012-03-01,313993.0
2012-04-01,314176.0
2012-05-01,314368.0
2012-06-01,314576.0
2012-07-01,314796.0
2012-08-01,315031.0
2012-09-01,315264.0
2012-10-01,315485.0
2012-11-01,315692.0
2012-12-01,315877.0
2013-01-01,316038.0
2013-02-01,316191.0
2013-03-01,316357.0
2013-04-01,316535.0
2013-05-01,316729.0
2013-06-01,316934.0
2013-07-01,317156.0
2013-08-01,317397.0
2013-09-01,317635.0
2013-10-01,317864.0
2013-11-01,318076.0
2013-12-01,318276.0
2014-01-01,318464.0
2014-02-01,318642.0
2014-03-01,318827.0
2014-04-01,319020.0
2014-05-01,319225.0
2014-06-01,319438.0
2014-07-01,319670.0
2014-08-01,319919.0
2014-09-01,320166.0
2014-10-01,320403.0
2014-11-01,320616.0
2014-12-01,320815.0
2015-01-01,320997.0
2015-02-01,321164.0
2015-03-01,321344.0
2015-04-01,321538.0
2015-05-01,321740.0
2015-06-01,321954.0
2015-07-01,322186.0
2015-08-01,322427.0
2015-09-01,322670.0
2015-10-01,322901.0
2015-11-01,323113.0
2015-12-01,323318.0
2016-01-01,323509.0
2016-02-01,323687.0
2016-03-01,323871.0
2016-04-01,324061.0
2016-05-01,324260.0
2016-06-01,324476.0
2016-07-01,324697.0
2016-08-01,324924.0
2016-09-01,325155.0
2016-10-01,325368.0
2016-11-01,325562.0
2016-12-01,325742.0
2017-01-01,325901.0
2017-02-01,326050.0
2017-03-01,326207.0
2017-04-01,326371.0
2017-05-01,326548.0
2017-06-01,326743.0
2017-07-01,326939.0
2017-08-01,327140.0
2017-09-01,327342.0
2017-10-01,327528.0
2017-11-01,327699.0
2017-12-01,327848.0
2018-01-01,327969.0
2018-02-01,328085.0
2018-03-01,328219.0
2018-04-01,328364.0
2018-05-01,328521.0
2018-06-01,328692.0
2018-07-01,328863.0
2018-08-01,329040.0
2018-09-01,329216.0
2018-10-01,329379.0
2018-11-01,329527.0
2018-12-01,329659.0
2019-01-01,329766.0
2019-02-01,329862.0
2019-03-01,329977.0
2019-04-01,330103.0
2019-05-01,330240.0
2019-06-01,330393.0
2019-07-01,330553.0
2019-08-01,330729.0
2019-09-01,330904.0
2019-10-01,331066.0
2019-11-01,331213.0
2019-12-01,331345.0
2020-01-01,331443.0
2020-02-01,331525.0
2020-03-01,331642.0
2020-04-01,331699.0
2020-05-01,331701.0
2020-06-01,331744.0
2020-07-01,331811.0
2020-08-01,331885.0
2020-09-01,331966.0
2020-10-01,332041.0
2020-11-01,332079.0
2020-12-01,332062.0
2021-01-01,332007.0
2021-02-01,331983.0
2021-03-01,332023.0
2021-04-01,332089.0
2021-05-01,332161.0
2021-06-01,332249.0
2021-07-01,332375.0
2021-08-01,332506.0
2021-09-01,332610.0
2021-10-01,332708.0
2021-11-01,332806.0
2021-12-01,332891.0
2022-01-01,332933.0
2022-02-01,332972.0
2022-03-01,333067.0
2022-04-01,333191.0
2022-05-01,333317.0
2022-06-01,333451.0
2022-07-01,333599.0
2022-08-01,333762.0
2022-09-01,333925.0
2022-10-01,334071.0
2022-11-01,334206.0
2022-12-01,334326.0
2023-01-01,334433.0
2023-02-01,334544.0
2023-03-01,334664.0
2023-04-01,334792.0
2023-05-01,334929.0
2023-06-01,335080.0
2023-07-01,335248.0
2023-08-01,335431.0
2023-09-01,335612.0
2023-10-01,335773.0
2023-11-01,335925.0
2023-12-01,336070.0
2024-01-01,336194.0
2024-02-01,336306.0


UNEMPLOYMENT RATE
DATE,UNRATE
1948-01-01,3.4
1948-02-01,3.8
1948-03-01,4.0
1948-04-01,3.9
1948-05-01,3.5
1948-06-01,3.6
1948-07-01,3.6
1948-08-01,3.9
1948-09-01,3.8
1948-10-01,3.7
1948-11-01,3.8
1948-12-01,4.0
1949-01-01,4.3
1949-02-01,4.7
1949-03-01,5.0
1949-04-01,5.3
1949-05-01,6.1
1949-06-01,6.2
1949-07-01,6.7
1949-08-01,6.8
1949-09-01,6.6
1949-10-01,7.9
1949-11-01,6.4
1949-12-01,6.6
1950-01-01,6.5
1950-02-01,6.4
1950-03-01,6.3
1950-04-01,5.8
1950-05-01,5.5
1950-06-01,5.4
1950-07-01,5.0
1950-08-01,4.5
1950-09-01,4.4
1950-10-01,4.2
1950-11-01,4.2
1950-12-01,4.3
1951-01-01,3.7
1951-02-01,3.4
1951-03-01,3.4
1951-04-01,3.1
1951-05-01,3.0
1951-06-01,3.2
1951-07-01,3.1
1951-08-01,3.1
1951-09-01,3.3
1951-10-01,3.5
1951-11-01,3.5
1951-12-01,3.1
1952-01-01,3.2
1952-02-01,3.1
1952-03-01,2.9
1952-04-01,2.9
1952-05-01,3.0
1952-06-01,3.0
1952-07-01,3.2
1952-08-01,3.4
1952-09-01,3.1
1952-10-01,3.0
1952-11-01,2.8
1952-12-01,2.7
1953-01-01,2.9
1953-02-01,2.6
1953-03-01,2.6
1953-04-01,2.7
1953-05-01,2.5
1953-06-01,2.5
1953-07-01,2.6
1953-08-01,2.7
1953-09-01,2.9
1953-10-01,3.1
1953-11-01,3.5
1953-12-01,4.5
1954-01-01,4.9
1954-02-01,5.2
1954-03-01,5.7
1954-04-01,5.9
1954-05-01,5.9
1954-06-01,5.6
1954-07-01,5.8
1954-08-01,6.0
1954-09-01,6.1
1954-10-01,5.7
1954-11-01,5.3
1954-12-01,5.0
1955-01-01,4.9
1955-02-01,4.7
1955-03-01,4.6
1955-04-01,4.7
1955-05-01,4.3
1955-06-01,4.2
1955-07-01,4.0
1955-08-01,4.2
1955-09-01,4.1
1955-10-01,4.3
1955-11-01,4.2
1955-12-01,4.2
1956-01-01,4.0
1956-02-01,3.9
1956-03-01,4.2
1956-04-01,4.0
1956-05-01,4.3
1956-06-01,4.3
1956-07-01,4.4
1956-08-01,4.1
1956-09-01,3.9
1956-10-01,3.9
1956-11-01,4.3
1956-12-01,4.2
1957-01-01,4.2
1957-02-01,3.9
1957-03-01,3.7
1957-04-01,3.9
1957-05-01,4.1
1957-06-01,4.3
1957-07-01,4.2
1957-08-01,4.1
1957-09-01,4.4
1957-10-01,4.5
1957-11-01,5.1
1957-12-01,5.2
1958-01-01,5.8
1958-02-01,6.4
1958-03-01,6.7
1958-04-01,7.4
1958-05-01,7.4
1958-06-01,7.3
1958-07-01,7.5
1958-08-01,7.4
1958-09-01,7.1
1958-10-01,6.7
1958-11-01,6.2
1958-12-01,6.2
1959-01-01,6.0
1959-02-01,5.9
1959-03-01,5.6
1959-04-01,5.2
1959-05-01,5.1
1959-06-01,5.0
1959-07-01,5.1
1959-08-01,5.2
1959-09-01,5.5
1959-10-01,5.7
1959-11-01,5.8
1959-12-01,5.3
1960-01-01,5.2
1960-02-01,4.8
1960-03-01,5.4
1960-04-01,5.2
1960-05-01,5.1
1960-06-01,5.4
1960-07-01,5.5
1960-08-01,5.6
1960-09-01,5.5
1960-10-01,6.1
1960-11-01,6.1
1960-12-01,6.6
1961-01-01,6.6
1961-02-01,6.9
1961-03-01,6.9
1961-04-01,7.0
1961-05-01,7.1
1961-06-01,6.9
1961-07-01,7.0
1961-08-01,6.6
1961-09-01,6.7
1961-10-01,6.5
1961-11-01,6.1
1961-12-01,6.0
1962-01-01,5.8
1962-02-01,5.5
1962-03-01,5.6
1962-04-01,5.6
1962-05-01,5.5
1962-06-01,5.5
1962-07-01,5.4
1962-08-01,5.7
1962-09-01,5.6
1962-10-01,5.4
1962-11-01,5.7
1962-12-01,5.5
1963-01-01,5.7
1963-02-01,5.9
1963-03-01,5.7
1963-04-01,5.7
1963-05-01,5.9
1963-06-01,5.6
1963-07-01,5.6
1963-08-01,5.4
1963-09-01,5.5
1963-10-01,5.5
1963-11-01,5.7
1963-12-01,5.5
1964-01-01,5.6
1964-02-01,5.4
1964-03-01,5.4
1964-04-01,5.3
1964-05-01,5.1
1964-06-01,5.2
1964-07-01,4.9
1964-08-01,5.0
1964-09-01,5.1
1964-10-01,5.1
1964-11-01,4.8
1964-12-01,5.0
1965-01-01,4.9
1965-02-01,5.1
1965-03-01,4.7
1965-04-01,4.8
1965-05-01,4.6
1965-06-01,4.6
1965-07-01,4.4
1965-08-01,4.4
1965-09-01,4.3
1965-10-01,4.2
1965-11-01,4.1
1965-12-01,4.0
1966-01-01,4.0
1966-02-01,3.8
1966-03-01,3.8
1966-04-01,3.8
1966-05-01,3.9
1966-06-01,3.8
1966-07-01,3.8
1966-08-01,3.8
1966-09-01,3.7
1966-10-01,3.7
1966-11-01,3.6
1966-12-01,3.8
1967-01-01,3.9
1967-02-01,3.8
1967-03-01,3.8
1967-04-01,3.8
1967-05-01,3.8
1967-06-01,3.9
1967-07-01,3.8
1967-08-01,3.8
1967-09-01,3.8
1967-10-01,4.0
1967-11-01,3.9
1967-12-01,3.8
1968-01-01,3.7
1968-02-01,3.8
1968-03-01,3.7
1968-04-01,3.5
1968-05-01,3.5
1968-06-01,3.7
1968-07-01,3.7
1968-08-01,3.5
1968-09-01,3.4
1968-10-01,3.4
1968-11-01,3.4
1968-12-01,3.4
1969-01-01,3.4
1969-02-01,3.4
1969-03-01,3.4
1969-04-01,3.4
1969-05-01,3.4
1969-06-01,3.5
1969-07-01,3.5
1969-08-01,3.5
1969-09-01,3.7
1969-10-01,3.7
1969-11-01,3.5
1969-12-01,3.5
1970-01-01,3.9
1970-02-01,4.2
1970-03-01,4.4
1970-04-01,4.6
1970-05-01,4.8
1970-06-01,4.9
1970-07-01,5.0
1970-08-01,5.1
1970-09-01,5.4
1970-10-01,5.5
1970-11-01,5.9
1970-12-01,6.1
1971-01-01,5.9
1971-02-01,5.9
1971-03-01,6.0
1971-04-01,5.9
1971-05-01,5.9
1971-06-01,5.9
1971-07-01,6.0
1971-08-01,6.1
1971-09-01,6.0
1971-10-01,5.8
1971-11-01,6.0
1971-12-01,6.0
1972-01-01,5.8
1972-02-01,5.7
1972-03-01,5.8
1972-04-01,5.7
1972-05-01,5.7
1972-06-01,5.7
1972-07-01,5.6
1972-08-01,5.6
1972-09-01,5.5
1972-10-01,5.6
1972-11-01,5.3
1972-12-01,5.2
1973-01-01,4.9
1973-02-01,5.0
1973-03-01,4.9
1973-04-01,5.0
1973-05-01,4.9
1973-06-01,4.9
1973-07-01,4.8
1973-08-01,4.8
1973-09-01,4.8
1973-10-01,4.6
1973-11-01,4.8
1973-12-01,4.9
1974-01-01,5.1
1974-02-01,5.2
1974-03-01,5.1
1974-04-01,5.1
1974-05-01,5.1
1974-06-01,5.4
1974-07-01,5.5
1974-08-01,5.5
1974-09-01,5.9
1974-10-01,6.0
1974-11-01,6.6
1974-12-01,7.2
1975-01-01,8.1
1975-02-01,8.1
1975-03-01,8.6
1975-04-01,8.8
1975-05-01,9.0
1975-06-01,8.8
1975-07-01,8.6
1975-08-01,8.4
1975-09-01,8.4
1975-10-01,8.4
1975-11-01,8.3
1975-12-01,8.2
1976-01-01,7.9
1976-02-01,7.7
1976-03-01,7.6
1976-04-01,7.7
1976-05-01,7.4
1976-06-01,7.6
1976-07-01,7.8
1976-08-01,7.8
1976-09-01,7.6
1976-10-01,7.7
1976-11-01,7.8
1976-12-01,7.8
1977-01-01,7.5
1977-02-01,7.6
1977-03-01,7.4
1977-04-01,7.2
1977-05-01,7.0
1977-06-01,7.2
1977-07-01,6.9
1977-08-01,7.0
1977-09-01,6.8
1977-10-01,6.8
1977-11-01,6.8
1977-12-01,6.4
1978-01-01,6.4
1978-02-01,6.3
1978-03-01,6.3
1978-04-01,6.1
1978-05-01,6.0
1978-06-01,5.9
1978-07-01,6.2
1978-08-01,5.9
1978-09-01,6.0
1978-10-01,5.8
1978-11-01,5.9
1978-12-01,6.0
1979-01-01,5.9
1979-02-01,5.9
1979-03-01,5.8
1979-04-01,5.8
1979-05-01,5.6
1979-06-01,5.7
1979-07-01,5.7
1979-08-01,6.0
1979-09-01,5.9
1979-10-01,6.0
1979-11-01,5.9
1979-12-01,6.0
1980-01-01,6.3
1980-02-01,6.3
1980-03-01,6.3
1980-04-01,6.9
1980-05-01,7.5
1980-06-01,7.6
1980-07-01,7.8
1980-08-01,7.7
1980-09-01,7.5
1980-10-01,7.5
1980-11-01,7.5
1980-12-01,7.2
1981-01-01,7.5
1981-02-01,7.4
1981-03-01,7.4
1981-04-01,7.2
1981-05-01,7.5
1981-06-01,7.5
1981-07-01,7.2
1981-08-01,7.4
1981-09-01,7.6
1981-10-01,7.9
1981-11-01,8.3
1981-12-01,8.5
1982-01-01,8.6
1982-02-01,8.9
1982-03-01,9.0
1982-04-01,9.3
1982-05-01,9.4
1982-06-01,9.6
1982-07-01,9.8
1982-08-01,9.8
1982-09-01,10.1
1982-10-01,10.4
1982-11-01,10.8
1982-12-01,10.8
1983-01-01,10.4
1983-02-01,10.4
1983-03-01,10.3
1983-04-01,10.2
1983-05-01,10.1
1983-06-01,10.1
1983-07-01,9.4
1983-08-01,9.5
1983-09-01,9.2
1983-10-01,8.8
1983-11-01,8.5
1983-12-01,8.3
1984-01-01,8.0
1984-02-01,7.8
1984-03-01,7.8
1984-04-01,7.7
1984-05-01,7.4
1984-06-01,7.2
1984-07-01,7.5
1984-08-01,7.5
1984-09-01,7.3
1984-10-01,7.4
1984-11-01,7.2
1984-12-01,7.3
1985-01-01,7.3
1985-02-01,7.2
1985-03-01,7.2
1985-04-01,7.3
1985-05-01,7.2
1985-06-01,7.4
1985-07-01,7.4
1985-08-01,7.1
1985-09-01,7.1
1985-10-01,7.1
1985-11-01,7.0
1985-12-01,7.0
1986-01-01,6.7
1986-02-01,7.2
1986-03-01,7.2
1986-04-01,7.1
1986-05-01,7.2
1986-06-01,7.2
1986-07-01,7.0
1986-08-01,6.9
1986-09-01,7.0
1986-10-01,7.0
1986-11-01,6.9
1986-12-01,6.6
1987-01-01,6.6
1987-02-01,6.6
1987-03-01,6.6
1987-04-01,6.3
1987-05-01,6.3
1987-06-01,6.2
1987-07-01,6.1
1987-08-01,6.0
1987-09-01,5.9
1987-10-01,6.0
1987-11-01,5.8
1987-12-01,5.7
1988-01-01,5.7
1988-02-01,5.7
1988-03-01,5.7
1988-04-01,5.4
1988-05-01,5.6
1988-06-01,5.4
1988-07-01,5.4
1988-08-01,5.6
1988-09-01,5.4
1988-10-01,5.4
1988-11-01,5.3
1988-12-01,5.3
1989-01-01,5.4
1989-02-01,5.2
1989-03-01,5.0
1989-04-01,5.2
1989-05-01,5.2
1989-06-01,5.3
1989-07-01,5.2
1989-08-01,5.2
1989-09-01,5.3
1989-10-01,5.3
1989-11-01,5.4
1989-12-01,5.4
1990-01-01,5.4
1990-02-01,5.3
1990-03-01,5.2
1990-04-01,5.4
1990-05-01,5.4
1990-06-01,5.2
1990-07-01,5.5
1990-08-01,5.7
1990-09-01,5.9
1990-10-01,5.9
1990-11-01,6.2
1990-12-01,6.3
1991-01-01,6.4
1991-02-01,6.6
1991-03-01,6.8
1991-04-01,6.7
1991-05-01,6.9
1991-06-01,6.9
1991-07-01,6.8
1991-08-01,6.9
1991-09-01,6.9
1991-10-01,7.0
1991-11-01,7.0
1991-12-01,7.3
1992-01-01,7.3
1992-02-01,7.4
1992-03-01,7.4
1992-04-01,7.4
1992-05-01,7.6
1992-06-01,7.8
1992-07-01,7.7
1992-08-01,7.6
1992-09-01,7.6
1992-10-01,7.3
1992-11-01,7.4
1992-12-01,7.4
1993-01-01,7.3
1993-02-01,7.1
1993-03-01,7.0
1993-04-01,7.1
1993-05-01,7.1
1993-06-01,7.0
1993-07-01,6.9
1993-08-01,6.8
1993-09-01,6.7
1993-10-01,6.8
1993-11-01,6.6
1993-12-01,6.5
1994-01-01,6.6
1994-02-01,6.6
1994-03-01,6.5
1994-04-01,6.4
1994-05-01,6.1
1994-06-01,6.1
1994-07-01,6.1
1994-08-01,6.0
1994-09-01,5.9
1994-10-01,5.8
1994-11-01,5.6
1994-12-01,5.5
1995-01-01,5.6
1995-02-01,5.4
1995-03-01,5.4
1995-04-01,5.8
1995-05-01,5.6
1995-06-01,5.6
1995-07-01,5.7
1995-08-01,5.7
1995-09-01,5.6
1995-10-01,5.5
1995-11-01,5.6
1995-12-01,5.6
1996-01-01,5.6
1996-02-01,5.5
1996-03-01,5.5
1996-04-01,5.6
1996-05-01,5.6
1996-06-01,5.3
1996-07-01,5.5
1996-08-01,5.1
1996-09-01,5.2
1996-10-01,5.2
1996-11-01,5.4
1996-12-01,5.4
1997-01-01,5.3
1997-02-01,5.2
1997-03-01,5.2
1997-04-01,5.1
1997-05-01,4.9
1997-06-01,5.0
1997-07-01,4.9
1997-08-01,4.8
1997-09-01,4.9
1997-10-01,4.7
1997-11-01,4.6
1997-12-01,4.7
1998-01-01,4.6
1998-02-01,4.6
1998-03-01,4.7
1998-04-01,4.3
1998-05-01,4.4
1998-06-01,4.5
1998-07-01,4.5
1998-08-01,4.5
1998-09-01,4.6
1998-10-01,4.5
1998-11-01,4.4
1998-12-01,4.4
1999-01-01,4.3
1999-02-01,4.4
1999-03-01,4.2
1999-04-01,4.3
1999-05-01,4.2
1999-06-01,4.3
1999-07-01,4.3
1999-08-01,4.2
1999-09-01,4.2
1999-10-01,4.1
1999-11-01,4.1
1999-12-01,4.0
2000-01-01,4.0
2000-02-01,4.1
2000-03-01,4.0
2000-04-01,3.8
2000-05-01,4.0
2000-06-01,4.0
2000-07-01,4.0
2000-08-01,4.1
2000-09-01,3.9
2000-10-01,3.9
2000-11-01,3.9
2000-12-01,3.9
2001-01-01,4.2
2001-02-01,4.2
2001-03-01,4.3
2001-04-01,4.4
2001-05-01,4.3
2001-06-01,4.5
2001-07-01,4.6
2001-08-01,4.9
2001-09-01,5.0
2001-10-01,5.3
2001-11-01,5.5
2001-12-01,5.7
2002-01-01,5.7
2002-02-01,5.7
2002-03-01,5.7
2002-04-01,5.9
2002-05-01,5.8
2002-06-01,5.8
2002-07-01,5.8
2002-08-01,5.7
2002-09-01,5.7
2002-10-01,5.7
2002-11-01,5.9
2002-12-01,6.0
2003-01-01,5.8
2003-02-01,5.9
2003-03-01,5.9
2003-04-01,6.0
2003-05-01,6.1
2003-06-01,6.3
2003-07-01,6.2
2003-08-01,6.1
2003-09-01,6.1
2003-10-01,6.0
2003-11-01,5.8
2003-12-01,5.7
2004-01-01,5.7
2004-02-01,5.6
2004-03-01,5.8
2004-04-01,5.6
2004-05-01,5.6
2004-06-01,5.6
2004-07-01,5.5
2004-08-01,5.4
2004-09-01,5.4
2004-10-01,5.5
2004-11-01,5.4
2004-12-01,5.4
2005-01-01,5.3
2005-02-01,5.4
2005-03-01,5.2
2005-04-01,5.2
2005-05-01,5.1
2005-06-01,5.0
2005-07-01,5.0
2005-08-01,4.9
2005-09-01,5.0
2005-10-01,5.0
2005-11-01,5.0
2005-12-01,4.9
2006-01-01,4.7
2006-02-01,4.8
2006-03-01,4.7
2006-04-01,4.7
2006-05-01,4.6
2006-06-01,4.6
2006-07-01,4.7
2006-08-01,4.7
2006-09-01,4.5
2006-10-01,4.4
2006-11-01,4.5
2006-12-01,4.4
2007-01-01,4.6
2007-02-01,4.5
2007-03-01,4.4
2007-04-01,4.5
2007-05-01,4.4
2007-06-01,4.6
2007-07-01,4.7
2007-08-01,4.6
2007-09-01,4.7
2007-10-01,4.7
2007-11-01,4.7
2007-12-01,5.0
2008-01-01,5.0
2008-02-01,4.9
2008-03-01,5.1
2008-04-01,5.0
2008-05-01,5.4
2008-06-01,5.6
2008-07-01,5.8
2008-08-01,6.1
2008-09-01,6.1
2008-10-01,6.5
2008-11-01,6.8
2008-12-01,7.3
2009-01-01,7.8
2009-02-01,8.3
2009-03-01,8.7
2009-04-01,9.0
2009-05-01,9.4
2009-06-01,9.5
2009-07-01,9.5
2009-08-01,9.6
2009-09-01,9.8
2009-10-01,10.0
2009-11-01,9.9
2009-12-01,9.9
2010-01-01,9.8
2010-02-01,9.8
2010-03-01,9.9
2010-04-01,9.9
2010-05-01,9.6
2010-06-01,9.4
2010-07-01,9.4
2010-08-01,9.5
2010-09-01,9.5
2010-10-01,9.4
2010-11-01,9.8
2010-12-01,9.3
2011-01-01,9.1
2011-02-01,9.0
2011-03-01,9.0
2011-04-01,9.1
2011-05-01,9.0
2011-06-01,9.1
2011-07-01,9.0
2011-08-01,9.0
2011-09-01,9.0
2011-10-01,8.8
2011-11-01,8.6
2011-12-01,8.5
2012-01-01,8.3
2012-02-01,8.3
2012-03-01,8.2
2012-04-01,8.2
2012-05-01,8.2
2012-06-01,8.2
2012-07-01,8.2
2012-08-01,8.1
2012-09-01,7.8
2012-10-01,7.8
2012-11-01,7.7
2012-12-01,7.9
2013-01-01,8.0
2013-02-01,7.7
2013-03-01,7.5
2013-04-01,7.6
2013-05-01,7.5
2013-06-01,7.5
2013-07-01,7.3
2013-08-01,7.2
2013-09-01,7.2
2013-10-01,7.2
2013-11-01,6.9
2013-12-01,6.7
2014-01-01,6.6
2014-02-01,6.7
2014-03-01,6.7
2014-04-01,6.2
2014-05-01,6.3
2014-06-01,6.1
2014-07-01,6.2
2014-08-01,6.1
2014-09-01,5.9
2014-10-01,5.7
2014-11-01,5.8
2014-12-01,5.6
2015-01-01,5.7
2015-02-01,5.5
2015-03-01,5.4
2015-04-01,5.4
2015-05-01,5.6
2015-06-01,5.3
2015-07-01,5.2
2015-08-01,5.1
2015-09-01,5.0
2015-10-01,5.0
2015-11-01,5.1
2015-12-01,5.0
2016-01-01,4.8
2016-02-01,4.9
2016-03-01,5.0
2016-04-01,5.1
2016-05-01,4.8
2016-06-01,4.9
2016-07-01,4.8
2016-08-01,4.9
2016-09-01,5.0
2016-10-01,4.9
2016-11-01,4.7
2016-12-01,4.7
2017-01-01,4.7
2017-02-01,4.6
2017-03-01,4.4
2017-04-01,4.4
2017-05-01,4.4
2017-06-01,4.3
2017-07-01,4.3
2017-08-01,4.4
2017-09-01,4.3
2017-10-01,4.2
2017-11-01,4.2
2017-12-01,4.1
2018-01-01,4.0
2018-02-01,4.1
2018-03-01,4.0
2018-04-01,4.0
2018-05-01,3.8
2018-06-01,4.0
2018-07-01,3.8
2018-08-01,3.8
2018-09-01,3.7
2018-10-01,3.8
2018-11-01,3.8
2018-12-01,3.9
2019-01-01,4.0
2019-02-01,3.8
2019-03-01,3.8
2019-04-01,3.7
2019-05-01,3.6
2019-06-01,3.6
2019-07-01,3.7
2019-08-01,3.6
2019-09-01,3.5
2019-10-01,3.6
2019-11-01,3.6
2019-12-01,3.6
2020-01-01,3.6
2020-02-01,3.5
2020-03-01,4.4
2020-04-01,14.8
2020-05-01,13.2
2020-06-01,11.0
2020-07-01,10.2
2020-08-01,8.4
2020-09-01,7.8
2020-10-01,6.8
2020-11-01,6.7
2020-12-01,6.7
2021-01-01,6.4
2021-02-01,6.2
2021-03-01,6.1
2021-04-01,6.1
2021-05-01,5.8
2021-06-01,5.9
2021-07-01,5.4
2021-08-01,5.1
2021-09-01,4.7
2021-10-01,4.5
2021-11-01,4.1
2021-12-01,3.9
2022-01-01,4.0
2022-02-01,3.8
2022-03-01,3.6
2022-04-01,3.7
2022-05-01,3.6
2022-06-01,3.6
2022-07-01,3.5
2022-08-01,3.6
2022-09-01,3.5
2022-10-01,3.6
2022-11-01,3.6
2022-12-01,3.5
2023-01-01,3.4
2023-02-01,3.6
2023-03-01,3.5
2023-04-01,3.4
2023-05-01,3.7
2023-06-01,3.6
2023-07-01,3.5
2023-08-01,3.8
2023-09-01,3.8
2023-10-01,3.8
2023-11-01,3.7
2023-12-01,3.7
2024-01-01,3.7
2024-02-01,3.9
2024-03-01,3.8
